key,code,execution,type,proposed-corrective-actions,mark,optional-link
code-audit-01,A-000,2021/07/30 0:00,Static,Random actions,AA,https://www3.animeflv.net/anime/one-piece-tv
code-audit-02,Z-999,2021/07/30 0:00,Static,Random actions,A,https://www3.animeflv.net/anime/one-piece-tv
code-audit-03,AAA-500,2021/07/30 0:00,Static,Random actions,B,https://www3.animeflv.net/anime/one-piece-tv
code-audit-04,ZZZ-500,2021/07/30 0:00,Static,Random actions,C,https://www3.animeflv.net/anime/one-piece-tv
code-audit-05,AA-005,1970/01/01 0:00,Static,Random actions,F,https://www3.animeflv.net/anime/one-piece-tv
code-audit-06,ZZ-006,1970/02/15 0:00,Static,Random actions,FF,https://www3.animeflv.net/anime/one-piece-tv
code-audit-07,A-007,2000/07/09 0:00,Static,Random actions,AA,https://www3.animeflv.net/anime/one-piece-tv
code-audit-08,A-008,2022/06/22 0:00,Static,Random actions,A,https://www3.animeflv.net/anime/one-piece-tv
code-audit-09,A-009,2022/07/09 0:00,Static,Random actions,B,https://www3.animeflv.net/anime/one-piece-tv
code-audit-10,A-010,2021/07/30 0:00,Static,A,C,https://www3.animeflv.net/anime/one-piece-tv
code-audit-11,A-011,2021/07/30 0:00,Static,สวัสดีชาวโลก,F,https://www3.animeflv.net/anime/one-piece-tv
code-audit-12,A-012,2021/07/30 0:00,Static,SOYUNTEXTOCON100CARACTERESSOYUNTEXTOCON100CARACTERESSOYUNTEXTOCON100CARACTERESSOYUNTEXTOCON100CARAC,FF,https://www3.animeflv.net/anime/one-piece-tv
code-audit-13,A-013,2021/07/30 0:00,Static,我爱你，你爱我,AA,https://www3.animeflv.net/anime/one-piece-tv
code-audit-14,A-014,2021/07/30 0:00,Static,AbCdEfGhI一AbCdEfGhI二AbCdEfGhI三AbCdEfGhI四AbCdEfGhI五AbCdEfGhI六AbCdEfGhI七jKlMn,A,https://www3.animeflv.net/anime/one-piece-tv
code-audit-15,A-015,2021/07/30 0:00,Dynamic,Random actions,B,
code-audit-16,A-016,2021/07/30 0:00,Dynamic,Random actions,C,
code-audit-17,A-017,2021/07/30 0:00,Dynamic,Random actions,F,https://www3.animeflv.net/anime/one-piece-tv
code-audit-18,A-018,2021/07/31 0:00,Dynamic,Random actions,FF,https://www3.animeflv.net/anime/one-piece-tv
code-audit-19,A-019,2021/08/01 0:00,Dynamic,Random actions,AA,https://www3.animeflv.net/anime/one-piece-tv
code-audit-20,A-020,2021/08/02 0:00,Dynamic,Random actions,A,https://www3.animeflv.net/anime/one-piece-tv
code-audit-21,A-021,2021/08/03 0:00,Dynamic,Random actions,B,https://www3.animeflv.net/anime/one-piece-tv
code-audit-22,A-022,2021/08/04 0:00,Dynamic,Random actions,C,https://www3.animeflv.net/anime/one-piece-tv
code-audit-23,A-023,2021/08/04 0:00,Dynamic,Random actions,F,https://www3.animeflv.net/anime/one-piece-tv
code-audit-24,A-024,2021/08/04 0:00,Dynamic,Random actions,FF,https://www3.animeflv.net/anime/one-piece-tv
code-audit-25,A-025,2021/08/07 0:00,Dynamic,Random actions,AA,https://www3.animeflv.net/anime/one-piece-tv
code-audit-26,A-026,2021/08/08 0:00,Dynamic,Random actions,A,https://www3.animeflv.net/anime/one-piece-tv
code-audit-27,A-027,2021/08/09 0:00,Dynamic,Random actions,B,https://www3.animeflv.net/anime/one-piece-tv