key,instantiation-moment,title,full-name,message,email,link,username
notice-01,2021/07/30 00:00,This is a notice,"Mie, Ai",This is a message,gonnavrem@acme.com,https://lam-illust.com/,meganewowasureta
notice-02,1970/01/01 00:00,This is a notice,"Mie, Ai",This is a message,gonnavrem@acme.com,https://lam-illust.com/,meganewowasureta
notice-03,1970/02/15 00:00,This is a notice,"Mie, Ai",This is a message,gonnavrem@acme.com,https://lam-illust.com/,meganewowasureta
notice-04,2000/07/09 00:00,This is a notice,"Mie, Ai",This is a message,gonnavrem@acme.com,https://lam-illust.com/,meganewowasureta
notice-05,2022/06/22 00:00,This is a notice,"Mie, Ai",This is a message,gonnavrem@acme.com,https://lam-illust.com/,meganewowasureta
notice-06,2022/07/09 00:00,This is a notice,"Mie, Ai",This is a message,gonnavrem@acme.com,https://lam-illust.com/,meganewowasureta
notice-07,2021/07/30 00:00,打,"Mie, Ai",This is a message,gonnavrem@acme.com,https://lam-illust.com/,meganewowasureta
notice-08,2021/07/30 00:00,我在北京,"Mie, Ai",This is a message,gonnavrem@acme.com,https://lam-illust.com/,meganewowasureta
notice-09,2021/07/30 00:00,The surreal makes people believe what's real,"Mie, Ai",This is a message,gonnavrem@acme.com,https://lam-illust.com/,meganewowasureta
notice-10,2021/07/30 00:00,Ayer se fué cogió sus cosas y se puso a navegar una camisa un pantalón,"Mie, Ai",This is a message,gonnavrem@acme.com,https://lam-illust.com/,meganewowasureta
notice-11,2021/07/30 00:00,This is a notice,"Mie, Ai",AbCdEfGhI一AbCdEfGhI二AbCdEfGhI三AbCdEfGhI四AbCdEfGhI五AbCdEfGhI六AbCdEfGhI七jKlMn,gonnavrem@acme.com,https://lam-illust.com/,meganewowasureta
notice-12,2021/07/30 00:00,This is a notice,"Mie, Ai",This is a message,gonnavrem@acme.com,https://lam-illust.com/,meganewowasureta
notice-13,2021/07/30 00:00,This is a notice,"あい, 三重",This is a message,gonnavrem@acme.com,https://lam-illust.com/,meganewowasureta
notice-14,2021/07/30 00:00,This is a notice,"呵呵呵呵呵呵呵呵, 呼呼呼呼呼呼呼",This is a message,gonnavrem@acme.com,https://lam-illust.com/,hehehuhu
notice-15,2021/07/30 00:00,This is a notice,"Giâyphútengặpanh, làembiếtemseetình",This is a message,gonnavrem@acme.com,https://lam-illust.com/,seetinh
notice-16,2021/07/30 00:00,This is a notice,"Mie, Ai",A,gonnavrem@acme.com,https://lam-illust.com/,meganewowasureta
notice-17,2021/07/30 00:00,This is a notice,"Mie, Ai",Adiós,gonnavrem@acme.com,https://lam-illust.com/,meganewowasureta
notice-18,2021/07/30 00:00,This is a notice,"Mie, Ai",Adiós a todos mis compañeros os echaré de menos,gonnavrem@acme.com,https://lam-illust.com/,meganewowasureta
notice-19,2021/07/30 00:00,This is a notice,"Mie, Ai",Adiós a todos mis compañeros os echaré de menos sois el mejor equipo de baloncesto juvenil,gonnavrem@acme.com,https://lam-illust.com/,meganewowasureta
notice-20,2021/07/30 00:00,This is a notice,"Mie, Ai",Adiós a todos mis compañeros os echaré de menos sois el mejor equipo de baloncesto juvenil de Málaga,gonnavrem@acme.com,https://lam-illust.com/,meganewowasureta
notice-21,2021/07/30 00:00,This is a notice,"Mie, Ai",This is a message,estoEsUnEmailSuperUltraMegaLargo@gmail.com,https://lam-illust.com/,meganewowasureta
notice-22,2021/07/30 00:00,This is a notice,"Mie, Ai",This is a message,gonnavrem@alum.us.es,https://lam-illust.com/,meganewowasureta
notice-23,2021/07/30 00:00,This is a notice,"Mie, Ai",This is a message,,https://lam-illust.com/,meganewowasureta
notice-24,2021/07/30 00:00,This is a notice,"Mie, Ai",This is a message,gg@acme.com,https://lam-illust.com/,meganewowasureta
notice-25,2021/07/30 00:00,This is a notice,"Mie, Ai",This is a message,gonnavrem@acme.com,https://lam-illust.com/,meganewowasureta
notice-26,2021/07/30 00:00,This is a notice,"Mie, Ai",This is a message,gonnavrem@acme.com,https://holamundoquetalquepasacomoestamos.com/,meganewowasureta
notice-27,2021/07/30 00:00,This is a notice,"Mie, Ai",This is a message,gonnavrem@acme.com,https://斗鱼.com/,meganewowasureta
notice-28,2021/07/30 00:00,This is a notice,"Mie, Ai",This is a message,gonnavrem@acme.com,,meganewowasureta
