key,instantiation-moment,title,description,priority,status,duration-start,duration-end,link
objective-01,2021/07/20 0:00,"Title","Description",LOW,0,2021/07/20 0:00,2021/07/20 0:00,"https://link.com"
objective-02,2021/07/20 0:00,"A","Description",LOW,0,2021/07/20 0:00,2021/07/20 0:00,"https://link.com"
objective-03,2021/07/20 0:00,"AAA","Description",LOW,0,2021/07/20 0:00,2021/07/20 0:00,"https://link.com"
objective-04,2021/07/20 0:00,"AAAAAAAAAAAAAAAAAAAAAAAAAAAAAAAAAAAAAA","Description",LOW,0,2021/07/20 0:00,2021/07/20 0:00,"https://link.com"
objective-05,2021/07/20 0:00,"AAAAAAAAAAAAAAAAAAAAAAAAAAAAAAAAAAAAAAAAAAAAAAAAAAAAAAAAAAAAAAAAAAAAAAA","Description",LOW,0,2021/07/20 0:00,2021/07/20 0:00,"https://link.com"
objective-06,2021/07/20 0:00,"AAAAAAAAAAAAAAAAAAAAAAAAAAAAAAAAAAAAAAAAAAAAAAAAAAAAAAAAAAAAAAAAAAAAAAAAAAA","Description",LOW,0,2021/07/20 0:00,2021/07/20 0:00,"https://link.com"
objective-07,2021/07/20 0:00,"Title","A",LOW,0,2021/07/20 0:00,2021/07/20 0:00,"https://link.com"
objective-08,2021/07/20 0:00,"Title","AAA",LOW,0,2021/07/20 0:00,2021/07/20 0:00,"https://link.com"
objective-09,2021/07/20 0:00,"Title","AAAAAAAAAAAAAAAAAAAAAAAAAAAAAAAAAAAAAA",LOW,0,2021/07/20 0:00,2021/07/20 0:00,"https://link.com"
objective-10,2021/07/20 0:00,"Title","AAAAAAAAAAAAAAAAAAAAAAAAAAAAAAAAAAAAAAAAAAAAAAAAAAAAAAAAAAAAAAAAAAAAAAA",LOW,0,2021/07/20 0:00,2021/07/20 0:00,"https://link.com"
objective-11,2021/07/20 0:00,"Title","AAAAAAAAAAAAAAAAAAAAAAAAAAAAAAAAAAAAAAAAAAAAAAAAAAAAAAAAAAAAAAAAAAAAAAAAAAA",LOW,0,2021/07/20 0:00,2021/07/20 0:00,"https://link.com"
objective-12,2021/07/20 0:00,"Title","Description",MEDIUM,0,2021/07/20 0:00,2021/07/20 0:00,"https://link.com"
objective-13,2021/07/20 0:00,"Title","Description",HIGH,0,2021/07/20 0:00,2021/07/20 0:00,"https://link.com"
objective-14,2021/07/20 0:00,"Title","Description",MEDIUM,1,2021/07/20 0:00,2021/07/20 0:00,"https://link.com"
objective-15,2021/08/15 6:40,"Title","Description",MEDIUM,1,2021/07/20 0:00,2021/07/20 0:00,"https://link.com"
objective-16,2021/12/30 6:40,"Title","Description",MEDIUM,1,2021/07/20 0:00,2021/07/20 0:00,"https://link.com"
objective-17,2021/07/20 0:00,"Title","Description",MEDIUM,1,2021/07/20 0:00,2022/08/15 6:40,"https://link.com"
objective-18,2021/07/20 0:00,"Title","Description",MEDIUM,1,2021/07/20 0:00,2023/12/30 6:40,"https://link.com"
objective-19,2021/07/20 0:00,"Title","Description",LOW,0,2021/07/20 0:00,2021/07/20 0:00,"https://linkaaaaaaaaaaaaaaaaaaaaaaaaaaaaa.com"
objective-20,2021/07/20 0:00,"Title","Description",LOW,0,2021/07/20 0:00,2021/07/20 0:00,"https://linkaaaaaaaaaaaaaaaaaaaaaaaaaaaaaaaaaaaaaaaaaaaaaaaaaaaaaaaaaaa.com"
